Laptop Name,Link
Lenovo IdeaPad Slim 3i Chromebook 14 (2023),https://www.rtings.com/laptop/reviews/lenovo/ideapad-slim-3i-chromebook-14-2023
"Apple MacBook Pro 14 (M3, 2023)",https://www.rtings.com/laptop/reviews/apple/macbook-pro-14-m3-2023
HP Pavilion Aero 13 (2024),https://www.rtings.com/laptop/reviews/hp/pavilion-aero-13-2024
ASUS Vivobook 16 M1605 (2023),https://www.rtings.com/laptop/reviews/asus/vivobook-16-m1605-2023
HP Spectre x360 14 (2024),https://www.rtings.com/laptop/reviews/hp/spectre-x360-14-2024
Microsoft Surface Pro 8 (2021),https://www.rtings.com/laptop/reviews/microsoft/surface-pro-8-2021
Apple MacBook Air 15 (2024),https://www.rtings.com/laptop/reviews/apple/macbook-air-15-2024
Apple MacBook Air 13 (2024),https://www.rtings.com/laptop/reviews/apple/macbook-air-13-2024
ASUS TUF Gaming A16 Advantage Edition (2023),https://www.rtings.com/laptop/reviews/asus/tuf-gaming-a16-advantage-edition-2023
Acer Chromebook Spin 714 (2022),https://www.rtings.com/laptop/reviews/acer/chromebook-spin-714-2022
Lenovo IdeaPad Slim 3i 15 (2023),https://www.rtings.com/laptop/reviews/lenovo/ideapad-slim-3i-15-2023
Lenovo Chromebook Duet 5 (2021),https://www.rtings.com/laptop/reviews/lenovo/chromebook-duet-5-2021
ASUS ROG Zephyrus G14 (2024),https://www.rtings.com/laptop/reviews/asus/rog-zephyrus-g14-2024
Dell XPS 16 (2024),https://www.rtings.com/laptop/reviews/dell/xps-16-2024
Lenovo Yoga 7i 16 (2023),https://www.rtings.com/laptop/reviews/lenovo/yoga-7i-16-2023
Lenovo LOQ 15 (2023),https://www.rtings.com/laptop/reviews/lenovo/loq-15-2023
Dell Alienware m18 R2 (2024),https://www.rtings.com/laptop/reviews/dell/alienware-m18-r2-2024
Lenovo Chromebook Duet 3 (2022),https://www.rtings.com/laptop/reviews/lenovo/chromebook-duet-3-2022
Microsoft Surface Go 3 (2021),https://www.rtings.com/laptop/reviews/microsoft/surface-go-3-2021
Acer Chromebook 516 GE (2022),https://www.rtings.com/laptop/reviews/acer/chromebook-516-ge-2022
Lenovo Yoga 6 13 (2023),https://www.rtings.com/laptop/reviews/lenovo/yoga-6-13-2023
Lenovo Legion Pro 5 Gen 8 16 (2023),https://www.rtings.com/laptop/reviews/lenovo/legion-pro-5-gen-8-16-2023
Acer Chromebook 315 (2020),https://www.rtings.com/laptop/reviews/acer/chromebook-315-2020
Apple MacBook Air 13 (2022),https://www.rtings.com/laptop/reviews/apple/macbook-air-13-2022
Lenovo ThinkPad P1 Gen 7 (2024),https://www.rtings.com/laptop/reviews/lenovo/thinkpad-p1-gen-7-2024
Microsoft Surface Pro 11th Edition (2024),https://www.rtings.com/laptop/reviews/microsoft/surface-pro-11th-edition-2024
Dell XPS 13 (2024),https://www.rtings.com/laptop/reviews/dell/xps-13-2024
Acer Chromebook Plus Spin 714 (2024),https://www.rtings.com/laptop/reviews/acer/chromebook-plus-spin-714-2024
"Apple MacBook Pro 16 (M3, 2023)",https://www.rtings.com/laptop/reviews/apple/macbook-pro-16-m3-2023
Lenovo ThinkPad X1 Carbon Gen 11 (2023),https://www.rtings.com/laptop/reviews/lenovo/thinkpad-x1-carbon-gen-11-2023
HP Victus 15 (2022),https://www.rtings.com/laptop/reviews/hp/victus-15-2022
Lenovo IdeaPad 3 15 (2021),https://www.rtings.com/laptop/reviews/lenovo/ideapad-3-15-2021
Acer Swift 3 14 (2022),https://www.rtings.com/laptop/reviews/acer/swift-3-14-2022
Microsoft Surface Laptop 5 (2022),https://www.rtings.com/laptop/reviews/microsoft/surface-laptop-5-2022
Lenovo Slim Pro 7 14 (2023),https://www.rtings.com/laptop/reviews/lenovo/slim-pro-7-14-2023
ASUS Zenbook 14 OLED (2024),https://www.rtings.com/laptop/reviews/asus/zenbook-14-oled-2024
Acer Chromebook Spin 311 (2021),https://www.rtings.com/laptop/reviews/acer/chromebook-spin-311-2021
Acer Swift 3 14 (2020),https://www.rtings.com/laptop/reviews/acer/swift-3-14-2020
HP OMEN Transcend 14 (2024),https://www.rtings.com/laptop/reviews/hp/omen-transcend-14-2024
ASUS Zenbook 14 Flip OLED (2023),https://www.rtings.com/laptop/reviews/asus/zenbook-14-flip-oled-2023
Dell Alienware m16 R1 (2023),https://www.rtings.com/laptop/reviews/dell/alienware-m16-r1-2023
HP ZBook Power G11 A (2024),https://www.rtings.com/laptop/reviews/hp/zbook-power-g11-a-2024
Dell Precision 3591 (2024),https://www.rtings.com/laptop/reviews/dell/precision-3591-2024
Acer Aspire 5 15 (2023),https://www.rtings.com/laptop/reviews/acer/aspire-5-15-2023
Acer Chromebook Plus 514 (2023),https://www.rtings.com/laptop/reviews/acer/chromebook-plus-514-2023
ASUS ROG Zephyrus G16 (2024) GU605,https://www.rtings.com/laptop/reviews/asus/rog-zephyrus-g16-2024-gu605
Framework Laptop 16 (2023),https://www.rtings.com/laptop/reviews/framework/laptop-16-2023
Dell Inspiron 16 2-in-1 (2023),https://www.rtings.com/laptop/reviews/dell/inspiron-16-2-in-1-2023
Dell Alienware m18 (2023),https://www.rtings.com/laptop/reviews/dell/alienware-m18-2023
Dell XPS 14 (2024),https://www.rtings.com/laptop/reviews/dell/xps-14-2024
ASUS Zenbook 14X OLED UX3404 (2023),https://www.rtings.com/laptop/reviews/asus/zenbook-14x-oled-ux3404-2023
ASUS ROG Zephyrus G14 (2022),https://www.rtings.com/laptop/reviews/asus/rog-zephyrus-g14-2022
LG gram Pro 16 (2024),https://www.rtings.com/laptop/reviews/lg/gram-pro-16-2024
Dell Alienware m16 R2 (2024),https://www.rtings.com/laptop/reviews/dell/alienware-m16-r2-2024
Dell XPS 13 (2021),https://www.rtings.com/laptop/reviews/dell/xps-13-2021
HP Stream 11 (2021),https://www.rtings.com/laptop/reviews/hp/stream-11-2021
Acer Aspire 3 15 (2023),https://www.rtings.com/laptop/reviews/acer/aspire-3-15-2023
LG gram 17 (2021),https://www.rtings.com/laptop/reviews/lg/gram-17-2021
HP Victus 16 (2021),https://www.rtings.com/laptop/reviews/hp/victus-16-2021
ASUS VivoBook 15 OLED K513 (2021),https://www.rtings.com/laptop/reviews/asus/vivobook-15-oled-k513-2021
HP Chromebook 14 (2021),https://www.rtings.com/laptop/reviews/hp/chromebook-14-2021
Framework Laptop 13 (2023),https://www.rtings.com/laptop/reviews/framework/laptop-13-2023
Lenovo 100e Chromebook 2nd Gen (2019),https://www.rtings.com/laptop/reviews/lenovo/100e-chromebook-2nd-gen-2019
Acer Chromebook Plus 515 (2023),https://www.rtings.com/laptop/reviews/acer/chromebook-plus-515-2023
Acer Nitro 5 15 (2020),https://www.rtings.com/laptop/reviews/acer/nitro-5-15-2020
Lenovo IdeaPad Flex 5 14 (2020),https://www.rtings.com/laptop/reviews/lenovo/ideapad-flex-5-14-2020
ASUS Chromebook Plus CX34 (2023),https://www.rtings.com/laptop/reviews/asus/chromebook-plus-cx34-2023
MSI Summit E16 Flip (2023),https://www.rtings.com/laptop/reviews/msi/summit-e16-flip-2023
Acer Aspire 5 15 (2020),https://www.rtings.com/laptop/reviews/acer/aspire-5-15-2020
Acer Aspire 3 Spin 14 (2023),https://www.rtings.com/laptop/reviews/acer/aspire-3-spin-14-2023
MSI Prestige 14 Evo (2023),https://www.rtings.com/laptop/reviews/msi/prestige-14-evo-2023
Framework Laptop 13 (2022),https://www.rtings.com/laptop/reviews/framework/laptop-13-2022
MSI Modern 14 (2023),https://www.rtings.com/laptop/reviews/msi/modern-14-2023
HP Spectre x360 14 (2023),https://www.rtings.com/laptop/reviews/hp/spectre-x360-14-2023
Dell Inspiron 14 (2023),https://www.rtings.com/laptop/reviews/dell/inspiron-14-2023
Dell XPS 15 (2023),https://www.rtings.com/laptop/reviews/dell/xps-15-2023
HP OMEN 16 (2022),https://www.rtings.com/laptop/reviews/hp/omen-16-2022
ASUS ROG Flow X13 (2023),https://www.rtings.com/laptop/reviews/asus/rog-flow-x13-2023
"Apple MacBook Pro 14 (M2, 2023)",https://www.rtings.com/laptop/reviews/apple/macbook-pro-14-m2-2023
HP Pavilion Plus 14 (2023),https://www.rtings.com/laptop/reviews/hp/pavilion-plus-14-2023
ASUS Vivobook S 16 Flip TP3604 (2023),https://www.rtings.com/laptop/reviews/asus/vivobook-s-16-flip-tp3604-2023
HP ENVY x360 15 (2023),https://www.rtings.com/laptop/reviews/hp/envy-x360-15-2023
ASUS Chromebook Vibe CX34 Flip (2023),https://www.rtings.com/laptop/reviews/asus/chromebook-vibe-cx34-flip-2023
ASUS Chromebook Flip CX5 14 (2021),https://www.rtings.com/laptop/reviews/asus/chromebook-flip-cx5-14-2021
Apple MacBook Air 15 (2023),https://www.rtings.com/laptop/reviews/apple/macbook-air-15-2023
Lenovo Yoga 9i 14 (2021),https://www.rtings.com/laptop/reviews/lenovo/yoga-9i-14-2021
LG gram 14 (2023),https://www.rtings.com/laptop/reviews/lg/gram-14-2023
Dell G15 (2022),https://www.rtings.com/laptop/reviews/dell/g15-2022
Acer Swift 14 (2023),https://www.rtings.com/laptop/reviews/acer/swift-14-2023
Lenovo IdeaPad Gaming 3 (2021),https://www.rtings.com/laptop/reviews/lenovo/ideapad-gaming-3-2021
Lenovo IdeaPad 5 15 (2021),https://www.rtings.com/laptop/reviews/lenovo/ideapad-5-15-2021
Dell XPS 13 Plus (2022),https://www.rtings.com/laptop/reviews/dell/xps-13-plus-2022
ASUS TUF Dash F15 (2022),https://www.rtings.com/laptop/reviews/asus/tuf-dash-f15-2022
Lenovo Yoga 7i 14 (2021),https://www.rtings.com/laptop/reviews/lenovo/yoga-7i-14-2021
Dell Inspiron 15 3000 (2020),https://www.rtings.com/laptop/reviews/dell/inspiron-15-3000-2020
Lenovo IdeaPad Flex 5i 14 (2022),https://www.rtings.com/laptop/reviews/lenovo/ideapad-flex-5i-14-2022
MSI Raider GE67 HX (2022),https://www.rtings.com/laptop/reviews/msi/raider-ge67-hx-2022
HP Pavilion x360 11 (2021),https://www.rtings.com/laptop/reviews/hp/pavilion-x360-11-2021
HP ENVY x360 13 (2020),https://www.rtings.com/laptop/reviews/hp/envy-x360-13-2020
MSI WS76 (2021),https://www.rtings.com/laptop/reviews/msi/ws76-2021
Dell Precision 5570 (2022),https://www.rtings.com/laptop/reviews/dell/precision-5570-2022
HP ZBook Firefly 15 G8 (2021),https://www.rtings.com/laptop/reviews/hp/zbook-firefly-15-g8-2021
Dell Precision 3571 (2022),https://www.rtings.com/laptop/reviews/dell/precision-3571-2022
Lenovo ThinkPad P15 Gen 2 (2021),https://www.rtings.com/laptop/reviews/lenovo/thinkpad-p15-gen-2-2021
ASUS ProArt Studiobook Pro 16 OLED (2021),https://www.rtings.com/laptop/reviews/asus/proart-studiobook-pro-16-oled-2021
Razer Blade 14 (2022),https://www.rtings.com/laptop/reviews/razer/blade-14-2022
Lenovo ThinkPad P1 Gen 4 (2021),https://www.rtings.com/laptop/reviews/lenovo/thinkpad-p1-gen-4-2021
Dell Precision 5560 (2021),https://www.rtings.com/laptop/reviews/dell/precision-5560-2021
Lenovo Legion 5 Gen 6 15 (2021),https://www.rtings.com/laptop/reviews/lenovo/legion-5-gen-6-15-2021
Lenovo IdeaPad Gaming 3i (2021),https://www.rtings.com/laptop/reviews/lenovo/ideapad-gaming-3i-2021
Apple MacBook Pro 14 (2021),https://www.rtings.com/laptop/reviews/apple/macbook-pro-14-2021
Framework Laptop 13 (2021),https://www.rtings.com/laptop/reviews/framework/laptop-13-2021
HP Pavilion Gaming Laptop 15 (2021),https://www.rtings.com/laptop/reviews/hp/pavilion-gaming-laptop-15-2021
Apple MacBook Pro 16 (2021),https://www.rtings.com/laptop/reviews/apple/macbook-pro-16-2021
HP Pavilion x360 14 (2021),https://www.rtings.com/laptop/reviews/hp/pavilion-x360-14-2021
HP Chromebook x360 14 (2021),https://www.rtings.com/laptop/reviews/hp/chromebook-x360-14-2021
ASUS X515 (2020),https://www.rtings.com/laptop/reviews/asus/x515-2020
ASUS VivoBook Flip 14 (2020),https://www.rtings.com/laptop/reviews/asus/vivobook-flip-14-2020
Lenovo Chromebook Flex 5 (2020),https://www.rtings.com/laptop/reviews/lenovo/chromebook-flex-5-2020
Lenovo Chromebook C340 15 (2020),https://www.rtings.com/laptop/reviews/lenovo/chromebook-c340-15-2020
HP Chromebook x360 12 (2021),https://www.rtings.com/laptop/reviews/hp/chromebook-x360-12-2021
Microsoft Surface Laptop 3 15 (2019),https://www.rtings.com/laptop/reviews/microsoft/surface-laptop-3-15-2019
Acer Chromebook Spin 713 (2020),https://www.rtings.com/laptop/reviews/acer/chromebook-spin-713-2020
Samsung Chromebook 4 (2019),https://www.rtings.com/laptop/reviews/samsung/chromebook-4-2019
Thomson NEO 10 (2020),https://www.rtings.com/laptop/reviews/thomson/neo-10-2020
Microsoft Surface Go 2 (2020),https://www.rtings.com/laptop/reviews/microsoft/surface-go-2-2020
Lenovo Chromebook Duet (2020),https://www.rtings.com/laptop/reviews/lenovo/chromebook-duet-2020
"Apple MacBook Air 13 (M1, 2020)",https://www.rtings.com/laptop/reviews/apple/macbook-air-13-m1-2020
Google Pixelbook Go (2019),https://www.rtings.com/laptop/reviews/google/pixelbook-go-2019
Apple MacBook Pro 16 (2019),https://www.rtings.com/laptop/reviews/apple/macbook-pro-16-2019
Dell Alienware m15 R3 (2020),https://www.rtings.com/laptop/reviews/dell/alienware-m15-r3-2020
